URL,Last crawled
https://www.idesignac.com/what-does-a-professional-ac-service-include-a-complete-checklist/,1/19/2026
https://www.idesignac.com/spotlight-on-solar-air-conditioner/,1/19/2026
https://www.idesignac.com/electrical-greenvalley,1/19/2026
https://www.idesignac.com/what-is-an-anode-rod/,1/19/2026
https://www.idesignac.com/when-is-repiping-necessary-what-you-need-to-know/,1/19/2026
https://www.idesignac.com/complete-guide-to-hvac-ac-repair-in-tucson-faqs-answered/,1/19/2026
https://www.idesignac.com/8-reasons-why-you-should-use-solar-power/,1/19/2026
https://www.idesignac.com/how-solar-power-systems-can-save-you-money-in-tucson-az/,1/19/2026
https://www.idesignac.com/why-you-should-consider-repiping-your-home/,1/19/2026
https://www.idesignac.com/plumbing-avravalley,1/19/2026
https://www.idesignac.com/electrical-picturerocks,1/19/2026
https://www.idesignac.com/drainsewer-sahuarita,1/19/2026
https://www.idesignac.com/why-you-should-invest-in-water-leak-detection-services/,1/19/2026
https://www.idesignac.com/hvac-redrockcasagrande,1/18/2026
https://www.idesignac.com/solarinstallation-rillito,1/17/2026
https://www.idesignac.com/choosing-the-right-roofing-company-a-comprehensive-guide/,1/17/2026
https://www.idesignac.com/roofing-tanqueverde,1/17/2026
https://www.idesignac.com/8-important-questions-to-ask-solar-panel-installers-before-hiring-them/,1/16/2026
https://www.idesignac.com/why-hire-professionals-to-clean-air-conditioner/,1/16/2026
https://www.idesignac.com/drainsewer-cortaro,1/14/2026
https://www.idesignac.com/how-long-do-ac-units-last/,1/14/2026
https://www.idesignac.com/tucson-waters-epa-warning/,1/14/2026
https://www.idesignac.com/how-does-ac-work/,1/14/2026
https://www.idesignac.com/drainsewer-coronadetucson,1/13/2026
https://www.idesignac.com/hvac-picturerocks,1/13/2026
https://www.idesignac.com/roofing-casasadobes,1/13/2026
https://www.idesignac.com/drainsewer-avravalley,1/13/2026
https://www.idesignac.com/mo,1/12/2026
https://www.idesignac.com/can-you-lower-your-ac-costs-with-suntrac-air-conditioning-systems/,1/12/2026
https://www.idesignac.com/how-often-should-i-schedule-air-conditioning-service/,1/12/2026
https://www.idesignac.com/drainsewer-gladdenfarms,1/11/2026
https://www.idesignac.com/blog/how-does-ac-work/,1/11/2026
https://www.idesignac.com/roofing-ritaranch,1/11/2026
https://www.idesignac.com/electrical-ritaranch,1/11/2026
https://www.idesignac.com/how-solar-panel-installers-can-benefit-homeowners/,1/11/2026
https://www.idesignac.com/what-temperature-should-i-set-my-thermostat/,1/11/2026
https://www.idesignac.com/the-benefits-of-hiring-the-1-rated-best-solar-panel-installers-in-tucson/,1/11/2026
https://www.idesignac.com/the-importance-of-super-cooling-for-hvac-efficiency-in-the-summer/,1/10/2026
https://www.idesignac.com/the-best-types-of-air-conditioners-for-tucson-arizona/,1/10/2026
https://www.idesignac.com/cost-of-ac-installation-in-tucson/,1/9/2026
https://www.idesignac.com/does-turning-off-your-a-c-when-youre-not-home-actually-save-money/,1/9/2026
https://www.idesignac.com/how-long-should-ac-last-in-arizona/,1/9/2026
https://www.idesignac.com/maximizing-solar-efficiency-steps-to-harness-the-suns-power/,1/7/2026
https://www.idesignac.com/everything-you-need-to-know-about-advanced-hvac-solutions/,1/7/2026
https://www.idesignac.com/air-conditioning-tucson-tips-to-lower-energy-bills-and-save-money/,1/7/2026
https://www.idesignac.com/what-should-i-expect-when-i-ask-for-an-hvac-estimate/,1/7/2026
https://www.idesignac.com/how-solar-power-systems-can-benefit-commercial-property-owners/,1/7/2026
https://www.idesignac.com/impact-of-indoor-air-quality-on-your-health-and-comfort/,1/7/2026
https://www.idesignac.com/why-summer-ac-tune-ups-are-essential-for-comfort-and-efficiency/,1/6/2026
https://www.idesignac.com/solar-energy-facts-people-should-know/,1/6/2026
https://www.idesignac.com/desert-shield-water-filtration-the-smart-choice-for-tucson-homes/,1/6/2026
https://www.idesignac.com/is-a-tucson-solar-home-energy-audit-worth-it/,1/6/2026
https://www.idesignac.com/why-solar-energy-is-the-future/,1/6/2026
https://www.idesignac.com/how-to-make-an-old-home-more-energy-efficient/,1/6/2026
https://www.idesignac.com/blog/2023/,1/6/2026
https://www.idesignac.com/choosing-the-best-ac-repair-near-me-essential-tips-for-finding-reliable-service/,1/5/2026
https://www.idesignac.com/services/heating/,1/5/2026
https://www.idesignac.com/roofing/roof-types/pitched-roofs/,1/5/2026
https://www.idesignac.com/heater-installation/,1/5/2026
https://www.idesignac.com/services/drain-clearing-coronade-tucson,1/4/2026
https://www.idesignac.com/services/heating-coronade-tucson,1/4/2026
https://www.idesignac.com/how-do-i-qualify-for-the-new-ac-unit-rebates/,1/4/2026
https://www.idesignac.com/careers/plumbing-sales-consultant/,1/4/2026
https://www.idesignac.com/services/roofing-coronade-tucson,1/4/2026
https://www.idesignac.com/drainsewer-ritaranch,1/4/2026
https://www.idesignac.com/permit-to-install-a-new-water-heater/,1/4/2026
https://www.idesignac.com/heating/heater-service/,1/3/2026
https://www.idesignac.com/electrical/home-energy-upgrades-tucson/,1/3/2026
https://www.idesignac.com/careers/hvac-service-technician/,1/3/2026
https://www.idesignac.com/drainsewer-catalinafoothills,1/3/2026
https://www.idesignac.com/plumbing-drexelheights,1/3/2026
https://www.idesignac.com/2023/10/,1/3/2026
https://www.idesignac.com/hvac-saddlebrookecatalina,1/3/2026
https://www.idesignac.com/blog/air-conditioning-in-tucson-your-guide-to-a-cool-summer/,1/3/2026
https://www.idesignac.com/blog/the-best-materials-for-repiping-a-home/,1/3/2026
https://www.idesignac.com/electrical/electrical-repairs-tucson/,1/3/2026
https://www.idesignac.com/electrical/lighting-upgrades-tucson/,1/2/2026
https://www.idesignac.com/services/plumbing-coronade-tucson,1/1/2026
https://www.idesignac.com/services/solar-installation-coronade-tucson,1/1/2026
https://www.idesignac.com/services/electrical-coronade-tucson,1/1/2026
https://www.idesignac.com/why-did-hot-water-come-out-of-my-cold-water-tap/,1/1/2026
https://www.idesignac.com/services/air-conditioning/ac-repair-tucson/,1/1/2026
https://www.idesignac.com/how-solar-power-systems-work-everything-you-need-to-know/,12/31/2025
https://www.idesignac.com/solarinstallation-tucson,12/30/2025
https://www.idesignac.com/electrical/panel-upgrades-tucson/,12/30/2025
https://www.idesignac.com/heating/heat-pumps/,12/30/2025
https://www.idesignac.com/electrical-avravalley,12/28/2025
https://www.idesignac.com/electrical-tanqueverde,12/27/2025
https://www.idesignac.com/careers/plumbing-jobs-tucson/,12/27/2025
https://www.idesignac.com/roofing-easttucson,12/27/2025
https://www.idesignac.com/solarinstallation-catalinafoothills,12/27/2025
https://www.idesignac.com/benefits-of-routine-air-conditioner-maintenance/,12/27/2025
https://www.idesignac.com/electrical/lighting-upgrades/,12/27/2025
https://www.idesignac.com/blog/2024/,12/27/2025
https://www.idesignac.com/blog/2020/,12/27/2025
https://www.idesignac.com/careers/hvac-lead-installer/,12/27/2025
https://www.idesignac.com/solarinstallation-saddlebrookecatalina,12/27/2025
https://www.idesignac.com/what-kind-of-air-conditioning-preventive-maintenance-do-i-need/,12/27/2025
https://www.idesignac.com/roofing-greenvalley,12/26/2025
https://www.idesignac.com/heating/heater-tune-up/,12/25/2025
https://www.idesignac.com/2024/06/,12/24/2025
https://www.idesignac.com/8-tips-for-managing-your-air-conditioning-in-tucson-during-the-summer/,12/24/2025
https://www.idesignac.com/how-repiping-can-improve-your-home-water-quality/,12/24/2025
https://www.idesignac.com/heating-orovalley,12/24/2025
https://www.idesignac.com/solarinstallation-greenvalley,12/24/2025
https://www.idesignac.com/plumbing-easttucson,12/24/2025
https://www.idesignac.com/plumbing-coronadetucson,12/24/2025
https://www.idesignac.com/blog/2017/,12/24/2025
https://www.idesignac.com/heating-ritaranch,12/24/2025
https://www.idesignac.com/heating-greenvalley,12/24/2025
https://www.idesignac.com/what-temperature-should-i-set-my-thermostat,12/24/2025
https://www.idesignac.com/blog/permit-to-install-a-new-water-heater/,12/24/2025
https://www.idesignac.com/2023/09/,12/23/2025
https://www.idesignac.com/heating-drexelheights,12/23/2025
https://www.idesignac.com/hvac-coronadetucson,12/23/2025
https://www.idesignac.com/duct-services/,12/23/2025
https://www.idesignac.com/2021/09/,12/23/2025
https://www.idesignac.com/careers/plumbing-apprentice/,12/23/2025
https://www.idesignac.com/careers/plumbing-technician/,12/23/2025
https://www.idesignac.com/hvac-drexelheights,12/23/2025
https://www.idesignac.com/blog/2022/,12/23/2025
https://www.idesignac.com/hvac-gladdenfarms,12/23/2025
https://www.idesignac.com/roofing-gladdenfarms,12/23/2025
https://www.idesignac.com/drainsewer-drexelheights,12/23/2025
https://www.idesignac.com/roofing-redrockcasagrande,12/23/2025
https://www.idesignac.com/plumbing-tanqueverde,12/23/2025
https://www.idesignac.com/plumbing-orovalley,12/23/2025
https://www.idesignac.com/drainsewer-greenvalley,12/23/2025
https://www.idesignac.com/blog/drain-cleaning-solutions-that-actually-work/,12/23/2025
https://www.idesignac.com/our-emergency-hvac-services-taking-precautions-during-the-pandemic/,12/22/2025
https://www.idesignac.com/electrical-gladdenfarms,12/22/2025
https://www.idesignac.com/2022/04/,12/22/2025
https://www.idesignac.com/plumbing-redrockcasagrande,12/22/2025
https://www.idesignac.com/heating-picturerocks,12/22/2025
https://www.idesignac.com/roofing-picturerocks,12/22/2025
https://www.idesignac.com/roofing-orovalley,12/22/2025
https://www.idesignac.com/2022/06/,12/22/2025
https://www.idesignac.com/heating-saddlebrookecatalina,12/22/2025
https://www.idesignac.com/drainsewer-casasadobes,12/22/2025
https://www.idesignac.com/solarinstallation-picturerocks,12/22/2025
https://www.idesignac.com/solarinstallation-marana,12/22/2025
https://www.idesignac.com/plumbing-saddlebrookecatalina,12/22/2025
https://www.idesignac.com/troubleshooting-common-issues-during-or-after-a-repiping-project/,12/22/2025
https://www.idesignac.com/services/family-protection-plans,12/22/2025
https://www.idesignac.com/solarinstallation-sahuarita,12/22/2025
https://www.idesignac.com/services/plumbing/burst-pipe-and-sewer-line-repair-tucson/,12/22/2025
https://www.idesignac.com/solarinstallation-ritaranch,12/22/2025
https://www.idesignac.com/solarinstallation-orovalley,12/22/2025
https://www.idesignac.com/heating-tanqueverde,12/22/2025
https://www.idesignac.com/roofing-drexelheights,12/22/2025
https://www.idesignac.com/drainsewer-picturerocks,12/22/2025
https://www.idesignac.com/2025/06/,12/22/2025
https://www.idesignac.com/heating-catalinafoothills,12/22/2025
https://www.idesignac.com/heating-easttucson,12/22/2025
https://www.idesignac.com/drainsewer-vail,12/22/2025
https://www.idesignac.com/roofing-catalinafoothills,12/22/2025
https://www.idesignac.com/plumbing-greenvalley,12/22/2025
https://www.idesignac.com/solarinstallation-redrockcasagrande,12/22/2025
https://www.idesignac.com/heating-coronadetucson,12/22/2025
https://www.idesignac.com/hello-world/,12/22/2025
https://www.idesignac.com/blog/discover-the-benefits-of-suntrac-air-conditioning-systems/,12/21/2025
https://www.idesignac.com/cortaro,12/21/2025
https://www.idesignac.com/solarinstallation-drexelheights,12/21/2025
https://www.idesignac.com/plumber-,12/21/2025
https://www.idesignac.com/heater-service/,12/21/2025
https://www.idesignac.com/plumbing-gladdenfarms,12/21/2025
https://www.idesignac.com/plumber-tucson/drain-cleaning-tucson/,12/21/2025
https://www.idesignac.com/drain-cleaning-tucson/,12/21/2025
https://www.idesignac.com/solarinstallation-easttucson,12/21/2025
https://www.idesignac.com/search?q=%7Bsearch_term_string%7D,12/21/2025
https://www.idesignac.com/solarinstallation-vail,12/21/2025
https://www.idesignac.com/electrical-orovalley,12/21/2025
https://www.idesignac.com/solarinstallation-gladdenfarms,12/21/2025
https://www.idesignac.com/drainsewer-redrockcasagrande,12/21/2025
https://www.idesignac.com/heating-casasadobes,12/21/2025
https://www.idesignac.com/hvac-easttucson,12/21/2025
https://www.idesignac.com/hvac-casasadobes,12/21/2025
https://www.idesignac.com/drainsewer-rillito,12/21/2025
https://www.idesignac.com/solarinstallation-avravalley,12/21/2025
https://www.idesignac.com/electrical/circuit-breakers/,12/21/2025
https://www.idesignac.com/drainsewer-marana,12/21/2025
https://www.idesignac.com/hvac-orovalley,12/21/2025
https://www.idesignac.com/electrical-drexelheights,12/21/2025
https://www.idesignac.com/hvac-catalinafoothills,12/21/2025
https://www.idesignac.com/solarinstallation-casasadobes,12/21/2025
https://www.idesignac.com/2021/12/,12/21/2025
https://www.idesignac.com/2020/10/,12/20/2025
https://www.idesignac.com/electrical-coronadetucson,12/20/2025
https://www.idesignac.com/roofing/roof-types/metal-roofing/,12/20/2025
https://www.idesignac.com/solarinstallation-cortaro,12/20/2025
https://www.idesignac.com/electrical/outlets-switches/,12/20/2025
https://www.idesignac.com/roofing-saddlebrookecatalina,12/20/2025
https://www.idesignac.com/service-areas/cortaro,12/20/2025
https://www.idesignac.com/services/drain-clearing-saddle-brooke,12/20/2025
https://www.idesignac.com/service-areas/littletown/,12/20/2025
https://www.idesignac.com/2022/11/,12/19/2025
https://www.idesignac.com/covid-19-response/,12/19/2025
https://www.idesignac.com/2022/09/,12/19/2025
https://www.idesignac.com/plumber-tucson/trenchless-sewer-repair-replacement/,12/19/2025
https://www.idesignac.com/solar-panel-installers-should-you-diy-your-solar-panel-installation/,12/19/2025
https://www.idesignac.com/resources/video-testimonial/,12/19/2025
https://www.idesignac.com/2022/01/,12/18/2025
https://www.idesignac.com/permit-to-install-a-new-water-heater,12/18/2025
https://www.idesignac.com/2022/07/,12/18/2025
https://www.idesignac.com/solar-tucson/commercial-solar-installations/,12/18/2025
https://www.idesignac.com/service-areas/littletown,12/17/2025
https://www.idesignac.com/residential-roofing/solar-tubular-lights/,12/17/2025
https://www.idesignac.com/2022/08/,12/17/2025
https://www.idesignac.com/ductless-mini-split-ac-repair/,12/17/2025
https://www.idesignac.com/air-conditioning/improve-indoor-air-quality/,12/17/2025
https://www.idesignac.com/air-conditioning/r22-phaseout/,12/17/2025
https://www.idesignac.com/electrical/ceiling-fan-installation/,12/17/2025
https://www.idesignac.com/air-conditioning/ductless-mini-split-ac-repair-installation-tucson/,12/16/2025
https://www.idesignac.com/emergency-ac-repair-tucson/,12/16/2025
https://www.idesignac.com/drain-and-sewer/sewer-camera-inspection/,12/16/2025
https://www.idesignac.com/solar-energy-solutions/,12/15/2025
https://www.idesignac.com/2021/11/,12/15/2025
https://www.idesignac.com/favicon.ico?favicon.0b3bf435.ico,12/15/2025
https://www.idesignac.com/roofing/metal-roofing/,12/15/2025
https://www.idesignac.com/video-center/careers/,12/15/2025
https://www.idesignac.com/electrical/electrical-repairs/,12/15/2025
https://www.idesignac.com/services/air-conditioning/,12/14/2025
https://www.idesignac.com/resources/education-library/,12/14/2025
https://www.idesignac.com/blog/8-tips-for-managing-your-air-conditioning-in-tucson-during-the-summer/,12/14/2025
https://www.idesignac.com/air-conditioning-tucson/,12/13/2025
https://www.idesignac.com/2022/12/,12/13/2025
https://www.idesignac.com/contact-us/,12/12/2025
https://www.idesignac.com/s/g0x7Q92,12/12/2025
https://www.idesignac.com/solar/,12/12/2025
https://www.idesignac.com/2023/03/,12/11/2025
https://www.idesignac.com/commercial-roofing/roof-coating/,12/11/2025
https://www.idesignac.com/residential-roofing/roof-coating/,12/10/2025
,
,
,
,
,
,
,
,
,
,
,
,
,
,
,
,
,
,
,
,
,
,
,
,
,
,
,
,
,
,
,
,
,
,
,
,
,
,
,
,
,
,
,
,
,
,
,
,
,
,
,
,
,
,
,
,
,
,
,
