https://www.idesignac.com/benefits-of-hiring-professional-solar-panel-installers,1/6/2026,Failed
https://www.idesignac.com/benefits-of-hiring-professional-solar-panel-installers/,1/6/2026,Failed
https://www.idesignac.com/heating/furnaces,1/6/2026,Failed
https://www.idesignac.com/heating/furnaces/,1/6/2026,Failed
https://www.idesignac.com/electrical-tucson/panel-upgrades-tucson,1/6/2026,Failed
https://www.idesignac.com/electrical-tucson/panel-upgrades-tucson/,1/6/2026,Failed
https://www.idesignac.com/roofing/,1/6/2026,Failed
https://www.idesignac.com/home,1/6/2026,Failed
https://www.idesignac.com/heating-avravalley,1/6/2026,Failed
https://www.idesignac.com/intelligent-design-family-protection-plans,1/6/2026,Failed
https://www.idesignac.com/intelligent-design-family-protection-plans/,1/6/2026,Failed
https://www.idesignac.com/green-valley-meet-your-homes-new-best-friend-intelligent-design,1/6/2026,Failed
https://www.idesignac.com/service-areas/east-tucson/,1/6/2026,Failed
https://www.idesignac.com/service-areas/picture-rocks/,1/6/2026,Failed
https://www.idesignac.com/service-areas/little-town,1/6/2026,Failed
https://www.idesignac.com/intelligent-design-your-home-service-partner-in-rillito-arizona,1/6/2026,Failed
https://www.idesignac.com/intelligent-design-your-home-service-partner-in-rillito-arizona/,1/6/2026,Failed
https://www.idesignac.com/plumber-tucson/water-heater-installation-replacement,1/6/2026,Failed
https://www.idesignac.com/plumber-tucson/water-heater-installation-replacement/,1/6/2026,Failed
https://www.idesignac.com/services/ac,1/6/2026,Failed
https://www.idesignac.com/services/ac/,1/6/2026,Failed
https://www.idesignac.com/service-areas/tucson/air-conditioning,1/6/2026,Failed
https://www.idesignac.com/service-areas/tucson/air-conditioning/,1/6/2026,Failed
https://www.idesignac.com/water-heater-flush-special,1/6/2026,Failed
https://www.idesignac.com/expert-tips-for-maintaining-your-tucson-air-conditioning-system,1/6/2026,Failed
https://www.idesignac.com/solar-panel-costs,1/6/2026,Failed
https://www.idesignac.com/solar-tucson/commercial-solar-installations-tucson,1/6/2026,Failed
https://www.idesignac.com/drainsewer-tucson,1/6/2026,Failed
https://www.idesignac.com/why-is-solar-energy-important-for-our-future,1/6/2026,Failed
https://www.idesignac.com/why-is-solar-energy-important-for-our-future/,1/6/2026,Failed
https://www.idesignac.com/ceiling-fan-installation,1/6/2026,Failed
https://www.idesignac.com/ac-maintenance,1/6/2026,Failed
https://www.idesignac.com/ac-maintenance/,1/6/2026,Failed
https://www.idesignac.com/how-to-fix-your-ac-a-simple-guide-for-everyone,1/6/2026,Failed
https://www.idesignac.com/how-to-fix-your-ac-a-simple-guide-for-everyone/,1/6/2026,Failed
https://www.idesignac.com/roofing-tucson-az/residential-roofing/roof-coating/,1/6/2026,Failed
https://www.idesignac.com/roofing-tucson-az/residential-roofing/roof-coating,1/6/2026,Failed
https://www.idesignac.com/hvac-installation,1/6/2026,Failed
https://www.idesignac.com/hvac-installation/,1/6/2026,Failed
https://www.idesignac.com/intelligent-design-serving-the-littletown-community-with-unmatched-home-services,1/6/2026,Failed
https://www.idesignac.com/indoor-air-quality/,1/6/2026,Failed
https://www.idesignac.com/indoor-air-quality,1/6/2026,Failed
https://www.idesignac.com/10-reasons-you-should-always-call-an-ac-repair-specialist,1/6/2026,Failed
https://www.idesignac.com/10-reasons-you-should-always-call-an-ac-repair-specialist/,1/6/2026,Failed
https://www.idesignac.com/r22-phaseout/,1/6/2026,Failed
https://www.idesignac.com/roofing-tucson-az/residential-roofing/skylights,1/6/2026,Failed
https://www.idesignac.com/roofing,1/6/2026,Failed
https://www.idesignac.com/the-many-ways-plumbers-in-tucson-can-help,1/6/2026,Failed
https://www.idesignac.com/the-many-ways-plumbers-in-tucson-can-help/,1/6/2026,Failed
https://www.idesignac.com/service-areas/tucson/heating,1/6/2026,Failed
https://www.idesignac.com/service-areas/tucson/heating/,1/6/2026,Failed
https://www.idesignac.com/roofing-tucson-az/residential-roofing/roof-replacements,1/6/2026,Failed
https://www.idesignac.com/service-areas/marana/heating,1/6/2026,Failed
https://www.idesignac.com/service-areas/marana/heating/,1/6/2026,Failed
https://www.idesignac.com/solar-tucson/solar-installers-tucson,1/6/2026,Failed
https://www.idesignac.com/the-ultimate-guide-to-drain-cleaning,1/6/2026,Failed
https://www.idesignac.com/signs-you-need-to-call-for-ac-repair,1/6/2026,Failed
https://www.idesignac.com/ways-to-maximize-your-solar-energy-savings,1/6/2026,Failed
https://www.idesignac.com/how-does-solar-energy-work,1/6/2026,Failed
https://www.idesignac.com/air-conditioning,1/6/2026,Failed
https://www.idesignac.com/air-conditioning-service-tucson,1/6/2026,Failed
https://www.idesignac.com/outdoor-motion-lighting,1/6/2026,Failed
https://www.idesignac.com/10-facts-about-ac-replacement-everyone-should-know,1/6/2026,Failed
https://www.idesignac.com/common-repiping-mistakes-and-how-to-avoid-them,1/6/2026,Failed
https://www.idesignac.com/common-repiping-mistakes-and-how-to-avoid-them/,1/6/2026,Failed
https://www.idesignac.com/copper-vs-pex-choosing-the-right-material-for-repiping,1/6/2026,Failed
https://www.idesignac.com/copper-vs-pex-choosing-the-right-material-for-repiping/,1/6/2026,Failed
https://www.idesignac.com/electrical-tucson/commercial-electrician,1/6/2026,Failed
https://www.idesignac.com/water-leak-repair,1/6/2026,Failed
https://www.idesignac.com/water-leak-repair/,1/6/2026,Failed
https://www.idesignac.com/video-testimonials/,1/6/2026,Failed
https://www.idesignac.com/video-testimonial,1/6/2026,Failed
https://www.idesignac.com/video-testimonial/,1/6/2026,Failed
https://www.idesignac.com/video-center/testimonials,1/6/2026,Failed
https://www.idesignac.com/guarantees/,1/6/2026,Failed
https://www.idesignac.com/services/electrical/ceiling-fan-installation,1/6/2026,Failed
https://www.idesignac.com/services/electrical/ceiling-fan-installation/,1/6/2026,Failed
https://www.idesignac.com/residential-roof-repair,1/6/2026,Failed
https://www.idesignac.com/heater-tuneup-tucson,1/6/2026,Failed
https://www.idesignac.com/heating/heater-tune-up-tucson,1/6/2026,Failed
https://www.idesignac.com/heating/heater-tune-up-tucson/,1/6/2026,Failed
https://www.idesignac.com/what-are-some-effective-strategies-to-reduce-ac-noise,1/6/2026,Failed
https://www.idesignac.com/what-are-some-effective-strategies-to-reduce-ac-noise/,1/6/2026,Failed
https://www.idesignac.com/the-importance-of-air-conditioner-sizing-how-to-choose-the-right-ac-unit-for-optimal-comfort-and-efficiency,1/6/2026,Failed
https://www.idesignac.com/roofing/residential-roofing/roof-installation,1/6/2026,Failed
https://www.idesignac.com/roofing/residential-roofing/roof-installation/,1/6/2026,Failed
https://www.idesignac.com/why-is-my-air-conditioning-working-downstairs-but-not-upstairs,1/5/2026,Failed
https://www.idesignac.com/why-is-my-air-conditioning-working-downstairs-but-not-upstairs/,1/5/2026,Failed
https://www.idesignac.com/ac-repair-tucson,1/5/2026,Failed
https://www.idesignac.com/ac-repair-tucson/,1/5/2026,Failed
https://www.idesignac.com/solar-installation-saddle-brooke,1/5/2026,Failed
https://www.idesignac.com/electrician-in-tucson,1/5/2026,Failed
https://www.idesignac.com/electrician-in-tucson/,1/5/2026,Failed
https://www.idesignac.com/how-to-find-licensed-and-experienced-plumbers-in-tucson,1/5/2026,Failed
https://www.idesignac.com/electrical/outdoor-and-motion-lighting,1/5/2026,Failed
https://www.idesignac.com/electrical/outdoor-and-motion-lighting/,1/5/2026,Failed
https://www.idesignac.com/education-library/,1/5/2026,Failed
